"","baseMean","log2FoldChange","lfcSE","stat","pvalue","padj"
"ENST00000696503.1",150.682154081903,5.79590045064661,1.18949684927895,4.87256477741825,1.1015871962977e-06,0.000230829634779685
"ENST00000711098.1",123.399296047862,21.9568633332662,4.20653941980467,5.21969750952334,1.79215599699723e-07,4.7561170279844e-05
"ENST00000602662.1",30.3197027181798,-22.1843632439521,3.64602074630829,-6.08454114431863,1.16825399994696e-09,7.96795958123827e-07
"ENST00000616511.4",7.91192820078743,19.9107195339855,4.21124037360655,4.7279940748036,2.26748800417483e-06,0.000431988133622179
"ENST00000685312.1",45.4247555494932,-22.8727160705371,4.23103386704133,-5.40594020026872,6.44693049452872e-08,2.02629699285178e-05
"ENST00000427804.1",5.12471400433514,-5.59746294912288,1.4800441547022,-3.78195672834445,0.000155600414776079,0.0210566878757692
"ENST00000630229.1",40.1478732248639,8.18889849361477,1.91305781687128,4.28052849286455,1.86450013061075e-05,0.00313217652483192
"ENST00000587696.2",30.4312871287326,-15.5129700008049,2.9962481213193,-5.17746507387857,2.24921033317192e-07,5.70279336667871e-05
"ENST00000567887.5",2396.56532418839,-24.9391478829091,4.23065021078844,-5.89487351596987,3.74968491533488e-09,1.90853365645896e-06
"ENST00000358527.6",53.7478215207888,-9.26385735237276,1.84156536001598,-5.0304255029495,4.8939251626784e-07,0.000112765294525445
"ENST00000673836.1",30.8588198754318,-5.65012860995748,1.54975911995918,-3.64581084711172,0.000266549992371836,0.033418705293619
"ENST00000439482.6",63.6007024094799,-15.2563605317255,4.32789095529322,-3.5251259075893,0.000423281555569443,0.049097780979691
"ENST00000407246.6",19.1321596444125,-22.4507215464388,4.23190112643949,-5.30511485870365,1.1260207247178e-07,3.2404690931921e-05
"ENST00000302118.5",45.3191405878884,-24.7039078866716,4.2308961228232,-5.83893037538986,5.25370174831659e-09,2.57786671972795e-06
"ENST00000697255.1",214.980349384144,-15.2373125836759,4.23076225026634,-3.60155255302202,0.000316322460603255,0.0385947354257324
"ENST00000310961.9",59.661309613848,-20.0156223752025,4.23404697872628,-4.72730285605469,2.27521786368122e-06,0.000432253368174133
"ENST00000370138.1",32.1937872550264,-17.9998350751232,4.2444170425205,-4.24082621825356,2.2269851263478e-05,0.00369560324957239
"ENST00000676184.1",43.7104126768193,21.8898408279265,4.20660564305098,5.2036826566063,1.95377531703624e-07,5.0667411301574e-05
"ENST00000692511.1",15.325594984058,-22.9932221406346,4.23140857601128,-5.43394043085036,5.51229895880406e-08,1.75682634666482e-05
"ENST00000369510.8",112.175036686899,25.2445349056813,4.20608075558923,6.00191398420851,1.95005005473217e-09,1.19820913453111e-06
"ENST00000384770.1",5.2121142439138,-15.1402664676784,4.23653004067463,-3.57374226603324,0.00035191533490526,0.0423454772077515
"ENST00000659152.1",106.048871226078,-23.3012493743458,4.23092818197158,-5.50736112081381,3.64252563430317e-08,1.26033578128214e-05
"ENST00000369356.8",83.4491689270861,19.5017657693381,3.6909337306919,5.283694369035,1.26604402363948e-07,3.56815151191351e-05
"ENST00000369349.7",44.0683846725219,20.7377070385954,4.20732241283708,4.92895599712587,8.2670189711654e-07,0.000178998019653767
"ENST00000695767.1",30.0038397011261,-18.3868949597998,2.88341655199256,-6.37677374331978,1.80857341768771e-10,1.66691812675639e-07
"ENST00000698532.1",129.46558097679,-25.8027384472969,4.23072603264907,-6.09889136005825,1.06806626075084e-09,7.35822133820713e-07
"ENST00000616917.4",1044.86767318831,-8.83148277664743,1.3433464066776,-6.57424081588134,4.89020311527977e-11,5.65307480126342e-08
"ENST00000368863.6",247.737384059383,26.6450565268351,4.2060053419056,6.33500301613099,2.37336630920012e-10,2.07529584298314e-07
"ENST00000368825.7",48.6480166359472,-16.2309393985797,3.33084211050922,-4.87292368118233,1.09958709031155e-06,0.000230829634779685
"ENST00000271850.11",9.97870697020486,-15.2416408190052,4.23304357857242,-3.60063404406183,0.000317442119693763,0.0386621827349883
"ENST00000618040.4",242.02252583131,-25.6576021336136,3.21460174766483,-7.98158034731734,1.44471488000835e-15,3.94141334704359e-12
"ENST00000457183.6",20.2181442838347,20.8140903020887,3.80649337157607,5.46804848197349,4.55017439170781e-08,1.52876893700512e-05
"ENST00000368198.7",27.8905567496647,17.4809287598669,4.22080167189332,4.14161339924448,3.44871290803639e-05,0.00552150270374916
"ENST00000515452.1",19.9549540713675,-20.23152481155,4.23361837790323,-4.77877857795251,1.76363282736223e-06,0.000346647877110702
"ENST00000648032.1",19.839036051585,-6.63592658230413,1.57585331197625,-4.21100525783212,2.54236828448492e-05,0.00413841733830571
"ENST00000392122.4",8.24754456570496,-14.9011056766096,4.23442793745236,-3.51903631298419,0.000433117420450112,0.0499836557434508
"ENST00000689522.1",22.3633310461459,-23.2992264172111,4.23116494957967,-5.50657483101095,3.65882477118445e-08,1.26033578128214e-05
"ENST00000686047.1",158.620850742243,-21.40729478904,3.48436602351753,-6.14381343537181,8.05634622673965e-10,5.82044527680642e-07
"ENST00000692170.1",204.975682452865,-21.9838366718151,4.23150905144371,-5.19527109703679,2.04421725289136e-07,5.28120429985614e-05
"ENST00000665030.1",28.2535354843648,-7.05692586298966,1.60832990971864,-4.38773526522566,1.14537069754306e-05,0.00199282813916395
"ENST00000367400.8",488.212392393648,-21.7022830062084,4.23164711714336,-5.12856634909076,2.91957002078902e-07,7.12625332369403e-05
"ENST00000638467.1",43.5094992630294,-22.0461318535231,4.23152038065843,-5.20997888945361,1.88862119498358e-07,4.91647022834581e-05
"ENST00000442510.8",14.8224669536344,16.7881480043848,4.23174544019615,3.96719231854519,7.27243071049804e-05,0.0108773873723423
"ENST00000367114.7",45.0598427076742,9.14690927744235,2.5852780720985,3.53807560438468,0.00040305463318456,0.0474783043207595
"ENST00000361322.3",31.6187177852049,17.0925334767601,4.24347097825587,4.02796049845625,5.62627934634063e-05,0.0085655079584334
"ENST00000541565.5",10.6614325401237,14.6894310714004,4.05591619073728,3.62172943931816,0.000292640098016389,0.0361580167483874
"ENST00000366987.6",56.6456614085579,-16.2161277833831,4.32789095539342,-3.74688917778174,0.000179041137239808,0.0237574352612915
"ENST00000307340.8",2183.85393358489,-26.5435563584197,4.23066268880413,-6.27408950107594,3.51686175145843e-10,2.85552427257703e-07
"ENST00000361395.6",48.1085439331797,24.299294952899,4.20618982878557,5.77703240747811,7.60296462322225e-09,3.38257090038752e-06
"ENST00000366820.10",85.6306897874154,-20.3576054892796,3.82724342136817,-5.31913004948145,1.04264590285157e-07,3.02606898545057e-05
"ENST00000672578.1",49.9714783821967,21.9228434789863,4.20653963693645,5.21160986728568,1.872089194894e-07,4.90506782370156e-05
"ENST00000352115.10",60.7203739927524,19.4144039617079,4.20961326839361,4.61192103024619,3.98964574228756e-06,0.000730580277971063
"ENST00000298032.10",11.4249344051106,15.671829158544,3.76540039519933,4.16206180318159,3.15386959010809e-05,0.00507326701706915
"ENST00000650135.1",82.7282972114295,-24.2335402666773,3.6071942885171,-6.71811339461829,1.8409241498034e-11,2.67145512155725e-08
"ENST00000331737.10",26.2682527453395,-21.0651430662296,3.68096924536431,-5.72271639942614,1.04834183374464e-08,4.41364854498269e-06
"ENST00000413025.5",15.5946824359592,21.149048056358,4.20813367054896,5.02575481486525,5.01456233303584e-07,0.000115155962748275
"ENST00000311380.8",242.434997632807,22.9912951643195,4.13056024247872,5.56614449727104,2.60437305628337e-08,9.601549185446e-06
"ENST00000375245.8",474.463314984419,-4.30538406934037,1.04558897670769,-4.11766398197597,3.82732185796489e-05,0.00604256157408883
"ENST00000579039.2",39.4089979877032,-16.2456480719059,4.23102089774756,-3.83965205195618,0.000123208803468382,0.0172199451470441
"ENST00000684824.1",640.945565655869,5.76513664052255,1.45805192818555,3.95399953120797,7.68555597118852e-05,0.0113706216802374
"ENST00000298649.8",22.6356626083268,20.6787653194975,3.36388403248443,6.14728840822288,7.8818738068708e-10,5.78037979703028e-07
"ENST00000322635.7",84.7211941022395,24.911089705112,4.20611507569144,5.92258872066568,3.16912728838664e-09,1.68864966857127e-06
"ENST00000423381.6",223.966279680502,-24.9193102674159,3.72952674738627,-6.68162797997891,2.36302282369525e-11,3.11202426213575e-08
"ENST00000698731.1",61.5928897350801,-20.8612326948715,4.23229139482848,-4.92906341949002,8.26247523748366e-07,0.000178998019653767
"ENST00000693680.1",38.75473036028,18.4640796250545,4.21279273992225,4.38285972392633,1.1713153688818e-05,0.0020327835475627
"ENST00000684201.1",230.515609832886,-21.7734133862688,3.40090034264504,-6.40224975523236,1.53103942667323e-10,1.50947003125287e-07
"ENST00000614585.4",12.6040588890779,20.1531183152064,3.57962458453108,5.62995304096853,1.80258692310343e-08,7.27477150907376e-06
"ENST00000337540.11",48.7985130898228,19.7201645572031,4.20891111156379,4.68533642894545,2.79500441002168e-06,0.000526603538069389
"ENST00000318222.4",287.523641684322,-16.7276075014739,3.06714052810224,-5.4538118968497,4.93013537762793e-08,1.62442006423061e-05
"ENST00000674034.1",228.388693210411,14.9200339003869,4.20609524831566,3.54724109168989,0.000389288171520599,0.046095504254151
"ENST00000691903.1",31.2515437507832,-22.3986216582406,4.23122767245143,-5.29364605078404,1.19901398549868e-07,3.40739791112299e-05
"ENST00000430685.1",4.73561195420304,-4.5890977071376,1.3006980656177,-3.52818061965692,0.000418426541057082,0.048617314831784
"ENST00000534894.5",66.4897406261513,-21.4733288665563,3.61632606844255,-5.93788515198913,2.8872217456813e-09,1.56285771382895e-06
"ENST00000692329.1",28.1694625296401,18.6682473871409,4.21231494244424,4.43182611989322,9.3438356156129e-06,0.00164249217610119
"ENST00000685289.1",72.9077466446563,19.6761817352891,4.2089842309478,4.6748052868942,2.94232645259989e-06,0.00055131437739869
"ENST00000610534.4",12.6360412760444,-5.97143700974857,1.2125639373083,-4.92463681791842,8.4517177644926e-07,0.000181842573630742
"ENST00000368679.8",53.3995597321144,24.4000475957969,4.20617418444999,5.80100740620839,6.59176884495219e-09,3.04544631958089e-06
"ENST00000368558.1",45.5189327602893,-17.6961053524166,4.20046535355605,-4.21289163531257,2.5212203963444e-05,0.00411381138546109
"ENST00000318562.13",29.5824190449619,-15.4924478898769,4.23133327172654,-3.66136319098197,0.000250876816950343,0.0318044654707829
"ENST00000530636.5",26.2415863205625,-21.7236298021497,3.43923944399248,-6.31640516919972,2.67717598903504e-10,2.28242638945182e-07
"ENST00000449892.1",8.15686649567509,-15.8035374588177,4.31380981842302,-3.66347570338531,0.000248815827707256,0.0316674004033549
"ENST00000380219.1",15.3928885356415,17.191014550188,4.22450964202443,4.06935147671952,4.71441815601202e-05,0.00729120580300779
"ENST00000510214.1",32.2378734216951,15.6298746383827,4.05998722238476,3.84973493320553,0.000118245719383261,0.0166285176181772
"ENST00000335425.7",22.4485779259006,-19.6062552540252,4.23554371656573,-4.62898191260375,3.67467859468623e-06,0.000677372375329675
"ENST00000523376.5",13.9674400423598,20.8936187584469,3.32789023357438,6.27833771308188,3.42211969391926e-10,2.81207532053095e-07
"ENST00000533929.7",27.1665656256298,-4.30467956785561,0.995763694504737,-4.32299308722701,1.53926558443022e-05,0.00262460174801197
"ENST00000524487.5",30.9431784303782,-17.8467744801714,4.14641430991186,-4.30414646156062,1.67630744918146e-05,0.00283699437379584
"ENST00000680075.1",73.7211816657343,-16.3876982412111,4.23083711943897,-3.87339379384669,0.000107330191116424,0.015187444719719
"ENST00000279259.7",42.7817034552506,-24.4082951510242,4.23092879808096,-5.76901581565144,7.97358219380212e-09,3.508581935136e-06
"ENST00000260061.9",7.93546405206361,19.5672202287168,4.20920692786191,4.64867148706705,3.34079803380539e-06,0.000619173339939301
"ENST00000316356.8",71.4629996345623,-19.052610945704,4.23805644197809,-4.4956010394263,6.9373705583758e-06,0.00123862937582058
"ENST00000634661.1",58.8504424552001,-19.7935083667283,4.23489531227007,-4.67390735949933,2.95522674943624e-06,0.00055221448005082
"ENST00000678464.1",223.637601437574,15.7273755404212,4.20604571306828,3.7392307676438,0.00018458422193436,0.0243508361176229
"ENST00000678915.1",28.5796012323322,-23.5847132808469,4.23104953040164,-5.57419928823383,2.48670940170732e-08,9.2175830453286e-06
"ENST00000680763.1",14.1506255286957,20.9420932191585,3.84680771677635,5.44401871916492,5.20917422515283e-08,1.66801182559776e-05
"ENST00000346454.7",68.3951696219746,-20.2280551774635,4.23366389328324,-4.77790766753015,1.77128678034358e-06,0.000346925742713799
"ENST00000600882.6",34.7738199314366,21.9371594710804,4.20653747261944,5.21501582093835,1.83801547119814e-07,4.84015471805397e-05
"ENST00000531316.1",13.771253094303,19.5859832617825,4.20934729786349,4.65297393534709,3.27181618565158e-06,0.000608040738763434
"ENST00000529691.1",252.092407204437,-24.6810291225305,3.61618462280235,-6.82515736804499,8.78289837392383e-12,1.39309023417465e-08
"ENST00000425380.7",28.1878718058217,21.6610153684733,4.20671763097103,5.14914887773756,2.61671126434595e-07,6.51351003917705e-05
"ENST00000525943.1",12.9864201040157,-20.1495417954337,4.23379291296876,-4.75921761163911,1.94344817536251e-06,0.00037338292775331
"ENST00000683400.1",23.0904076142767,-22.0568665773545,3.22281665612663,-6.84397188261516,7.70270463758177e-12,1.31338816775407e-08
"ENST00000322166.10",53.3663332861371,22.6047109210375,4.20632607233783,5.37397969921861,7.70175327510932e-08,2.3450463409623e-05
"ENST00000665145.1",9.41635585918748,-7.02976509067408,1.93007831404076,-3.64221754088141,0.000270299496292607,0.0337914998239279
"ENST00000538350.5",33.9792944514939,15.5040026836891,4.26743340134939,3.63309774882174,0.000280038869369647,0.034756345069953
"ENST00000695330.1",13.4464899715704,-21.3871019153815,4.23189146762466,-5.05379263126186,4.33121864805071e-07,0.00010116658790125
"ENST00000684863.1",32.4168079705037,21.6854267941003,3.78004534903799,5.73681657010258,9.64726412159447e-09,4.11238751343268e-06
"ENST00000551339.6",697.178576981635,-6.93121418612085,1.88023565680883,-3.68635397431226,0.000227489876853352,0.0293858325017159
"ENST00000679733.1",1572.94727605228,-25.5006114009515,3.94504164262976,-6.46396507590547,1.01994421504439e-10,1.08694180067012e-07
"ENST00000553127.5",181.963496485504,6.38565186525813,1.60961436009175,3.9671936481072,7.27239015490917e-05,0.0108773873723423
"ENST00000547798.1",370.677344329074,-5.20465763831279,1.383183027273,-3.76281196030432,0.000168013530352525,0.0226019621778374
"ENST00000552819.5",169.788063944388,-21.9197870214261,3.93146774054234,-5.57547167318286,2.4686007620438e-08,9.20046155051559e-06
"ENST00000352268.10",48.9400818234028,18.6007699618204,4.1070045568248,4.52903562790322,5.92535081050291e-06,0.00106350691231458
"ENST00000448789.2",19.8773766188156,22.6644193709585,4.20673569621041,5.38764995180835,7.13849116928848e-08,2.21306205322796e-05
"ENST00000549017.5",26.8722300028165,21.9808775309933,3.52371319788822,6.2379871165924,4.43237150850588e-10,3.51517984146669e-07
"ENST00000678416.1",77.2905237436178,25.0975801705363,4.20610334519634,5.96694329900368,2.41739366302717e-09,1.40919587515475e-06
"ENST00000678180.1",20.1101362935282,-23.1941396533651,4.23133587104428,-5.4815170339198,4.21694112992403e-08,1.4238230337888e-05
"ENST00000398033.8",70.9516412295312,-8.90838772883916,2.35007278804165,-3.79068587754792,0.000150231855017668,0.0204928268792501
"ENST00000673058.2",172.349676004439,23.1756309904048,4.20621987598875,5.50984771925574,3.59144265722252e-08,1.25615771791387e-05
"ENST00000526390.5",1302.86515564808,-4.1520773788731,1.05506811434705,-3.93536428825044,8.30705955151193e-05,0.0121062967874214
"ENST00000699562.1",173.472278747965,25.1212059627069,4.20608965711273,5.97257976187587,2.33530904118713e-09,1.37308118832006e-06
"ENST00000445409.7",5.94602318995856,20.8119484012167,4.20874567169132,4.94492897045338,7.6171632698423e-07,0.000165981151327899
"ENST00000679483.1",119.212649631429,25.553499255361,4.20605323415691,6.07541032715511,1.2367107487005e-09,8.18918639848243e-07
"ENST00000645606.1",78.6474465084439,-3.67026506825462,1.03871692940861,-3.53346033393744,0.000410157631810162,0.048148693838176
"ENST00000399532.3",7.84354200239686,-4.05098299162857,1.11035202848457,-3.64837717021821,0.000263902020211317,0.0332088069861488
"ENST00000253079.11",26.8147601216968,-20.1868412428721,3.62988011118221,-5.56129696423983,2.67777089262228e-08,9.81906913765644e-06
"ENST00000690669.1",735.779248196738,-20.795066544132,4.05157955188859,-5.13258255892784,2.85793299028724e-07,7.03691197363e-05
"ENST00000682775.1",55.0058912936416,-23.7624446386104,4.23085412553972,-5.61646512347647,1.9490356792011e-08,7.68393233897292e-06
"ENST00000683489.1",105.452131948471,-23.7755267558318,4.2308504889427,-5.61956202847844,1.91442139064773e-08,7.63574248700221e-06
"ENST00000683270.1",224.264175006808,-25.8858895396362,4.23068731862255,-6.11860144466178,9.44001788010835e-10,6.63759772675165e-07
"ENST00000455755.1",9.97397223294815,-5.10443765447268,1.22839767886865,-4.15536250375679,3.24772206690343e-05,0.00521194437296662
"ENST00000647500.1",44.6362805566627,-22.7521820690274,4.23107708575533,-5.37739719884249,7.5570335420532e-08,2.31130007041344e-05
"ENST00000700202.2",64.4719885601309,-22.4667094012535,4.23174740110713,-5.30908564990804,1.1017655263291e-07,3.1841023710911e-05
"ENST00000400445.8",2998.90288993213,-26.1153464710008,3.98372176112626,-6.55551467621012,5.54502951408439e-11,6.30321988297686e-08
"ENST00000361121.6",27.269863057607,-15.0047114791358,4.23170514743051,-3.54578378133143,0.000391447251587876,0.0462708290247825
"ENST00000646439.1",44.3771807656972,-21.4173483351073,3.20569495139884,-6.68103130828515,2.37266526348981e-11,3.11202426213575e-08
"ENST00000685997.1",13.9314540818458,20.0647817352382,4.21070384526472,4.76518474644154,1.88680688604971e-06,0.000364554608657604
"ENST00000686926.1",25.4564560129537,-22.0692007497551,4.23144755387043,-5.2155203317051,1.83301951949935e-07,4.84015471805397e-05
"ENST00000397532.9",8.2472268331302,15.4752356183456,4.20806322655391,3.67751974844226,0.000235512847140338,0.0302878457615643
"ENST00000559533.6",32.0371141174508,3.56434943941691,0.950373392665739,3.75047267413404,0.000176501539936464,0.02351193560513
"ENST00000556542.2",19.6212759300631,-18.2213966167466,3.50911142532185,-5.19259561986561,2.07382298296877e-07,5.33747255586424e-05
"ENST00000532462.5",119.7970159226,22.2277403039829,4.20642990394028,5.28422933736791,1.26235031700586e-07,3.56815151191351e-05
"ENST00000674118.1",131.391519622861,-16.6865259065142,4.23074362842899,-3.9441118091834,8.00962839167491e-05,0.0117229333653604
"ENST00000683198.1",2912.75455159631,7.84501656301647,1.95549846275829,4.01177332144298,6.02643516148539e-05,0.00913393297230999
"ENST00000521077.6",66.9249663278441,20.1262069994608,4.20816535890152,4.78265592793019,1.72994097312254e-06,0.000341008364540028
"ENST00000531499.2",40.7586272060929,-17.0623448589322,4.08896344931767,-4.1727799894566,3.00905475275589e-05,0.0048517628925996
"ENST00000556603.6",297.349961339053,22.0863654290303,4.2064452616262,5.25060093626222,1.5160380267024e-07,4.13599430292842e-05
"ENST00000555054.1",220.896369341667,-24.3621907723597,3.56216444146252,-6.83915388318157,7.96622786515123e-12,1.32519172027994e-08
"ENST00000676645.1",18.2943831209127,-23.0780916926178,4.23137946943405,-5.45403499244763,4.92395058132167e-08,1.62442006423061e-05
"ENST00000303622.13",534.274417331976,-3.37276258281828,0.612245949026334,-5.50883609468066,3.61214038754082e-08,1.25695113771344e-05
"ENST00000472726.3",36.1985563983504,-15.2180685919715,4.23132566077048,-3.59652501651231,0.00032249658165415,0.0392077662301954
"ENST00000415757.7",39.3722264340983,21.6237471649364,4.20757422094786,5.13924319083435,2.7584720467337e-07,6.81662418389221e-05
"ENST00000558589.5",31.6390426771609,19.3892303349683,4.07987508327615,4.75240784073191,2.01008398468295e-06,0.000385100472166617
"ENST00000559511.6",77.6756003374789,-17.1354011496478,4.23080343882213,-4.05015297860739,5.11841611830916e-05,0.00788028110458595
"ENST00000682669.1",362.162303137515,-27.2239432463758,4.23066713919388,-6.43490550087641,1.23550172632788e-10,1.27675999609798e-07
"ENST00000399334.7",118.401195864261,19.9850816857655,3.12245051305717,6.40044785407928,1.54921855298371e-10,1.50947003125287e-07
"ENST00000698132.1",24.1867758432272,21.8732233071501,3.28524511647038,6.65801866578843,2.77543535434178e-11,3.50547764643568e-08
"ENST00000644861.2",1582.71412861368,26.6322474213687,4.20598075570959,6.33199459726857,2.42011963558259e-10,2.08939037500348e-07
"ENST00000635699.1",41.2302986535927,-16.1943627373517,4.23100999701773,-3.82754064603167,0.000129430015819372,0.0179727983629547
"ENST00000444347.2",23.6511482497439,-23.1173222330565,4.23132732206227,-5.46337365878601,4.67169796611666e-08,1.56190435333834e-05
"ENST00000358767.7",24.6899896542347,6.79814977325197,1.92451657070531,3.53239347311026,0.00041181610721258,0.0481775399250889
"ENST00000554240.5",157.03309418164,-18.4523984474316,4.2424130765136,-4.3495053674961,1.36444944355628e-05,0.00233821381528424
"ENST00000562924.5",12.1791288131292,-22.6930807298451,4.23160850959665,-5.36275524505177,8.19620304694262e-08,2.45796274104915e-05
"ENST00000677936.1",336.197493325315,-1.46878007909368,0.376416274899492,-3.90201002729189,9.53972047462677e-05,0.0136118639173942
"ENST00000535348.5",391.397826511818,-20.8859946846702,3.08709201717786,-6.7655886408477,1.32768278306733e-11,2.03595117189483e-08
"ENST00000684762.1",107.442672594936,-5.00159240985667,1.34204536524196,-3.72684302587262,0.000193893130155438,0.0254313212483106
"ENST00000253934.9",18.6036166058001,-20.6238384494094,4.16207861095446,-4.95517753920555,7.2264274797394e-07,0.000158990728976821
"ENST00000250894.8",160.145525948639,-22.5422785673633,4.23118463883175,-5.32765182603501,9.94906060637083e-08,2.9342311080843e-05
"ENST00000562415.2",32.2510065910685,-21.2461897884638,3.70160357328898,-5.73972586956036,9.4829927501846e-09,4.06778639958233e-06
"ENST00000552664.5",32.5020495842109,-21.44857773924,3.75425618881715,-5.71313641384654,1.10912698153092e-08,4.64091390480583e-06
"ENST00000574045.5",12.1010760123605,18.8302196389117,4.21185780009452,4.47076338581257,7.79408913915114e-06,0.00138434389491319
"ENST00000627450.2",101.796209749373,-10.8839476802447,2.5555893058388,-4.25887980333066,2.05453901743029e-05,0.0034429429765311
"ENST00000395503.9",128.831568566801,-23.2702518611253,2.57643257235561,-9.03196618099324,1.68614538692914e-19,1.04547145427377e-15
"ENST00000566897.6",1171.46141651634,-26.4894358789698,3.10499931128812,-8.53122117698009,1.44810872182439e-17,6.17292545395693e-14
"ENST00000566077.5",12.8597157048267,-17.3482344348408,4.23161160922819,-4.09967549881191,4.13729834060901e-05,0.00648690335684821
"ENST00000388833.7",38.2068132314487,17.4376856705556,4.0648274694173,4.28989564790933,1.78757091106312e-05,0.00301035768933701
"ENST00000440851.6",405.258077823509,-25.1421098416067,4.23071422503139,-5.94275777192683,2.80266434218059e-09,1.55408877068362e-06
"ENST00000691804.1",59.8351329208934,-16.9310910382565,4.2308579079665,-4.00181036720143,6.28596704760531e-05,0.00948513487864762
"ENST00000515314.7",31.0032332187758,23.6507751004939,4.20631589950575,5.62268162105297,1.88015726449966e-08,7.54319094517264e-06
"ENST00000687780.1",106.54676172901,25.4569930991699,4.20606422010255,6.05244993110191,1.42659346527297e-09,9.26660768623596e-07
"ENST00000674512.1",559.40900863169,25.2090555617863,4.20601921523591,5.99356642748299,2.05288252093219e-09,1.22819999524262e-06
"ENST00000402655.6",196.917153366749,-23.9966052101951,4.2308014613374,-5.67188165870811,1.41237532363375e-08,5.83816039837068e-06
"ENST00000580299.2",49.4375178788143,-14.9040916444913,4.23128450680731,-3.52235630114532,0.000427728855354342,0.0495294038210315
"ENST00000542206.5",10.6214159282739,19.7614862370924,4.20874437583549,4.69534009966322,2.66163506026035e-06,0.00050286470263157
"ENST00000395626.5",8.16363400639335,-15.7171615683634,4.23286122602906,-3.71312942454011,0.000204712130765439,0.026696340662956
"ENST00000677148.1",21.4681857835742,21.3821809660842,4.20686737183394,5.08268482844108,3.72136901511262e-07,8.90569306339442e-05
"ENST00000679255.1",37.1940673263437,-22.8318138518957,4.23108354970774,-5.39620964314751,6.80634147546036e-08,2.12944822932247e-05
"ENST00000539484.1",75.2227175009807,-17.4088964691924,4.25393398470448,-4.09242280951893,4.26889369175653e-05,0.00666260012248426
"ENST00000578888.1",53.6452832069848,-17.905725556024,4.24717038738352,-4.21591881719982,2.48763246140978e-05,0.00406874063304539
"ENST00000327925.6",360.991397191376,-18.2097328776539,4.24389360475573,-4.29080805825292,1.78024139309259e-05,0.00300543524689324
"ENST00000584708.1",9.15919682104087,-15.3150678378695,4.32789095531066,-3.53869078403573,0.000402116585640691,0.0474497571056015
"ENST00000706177.1",266.479057633094,-23.5439944784906,4.20928738218441,-5.59334451198066,2.22736700163655e-08,8.56775255903281e-06
"ENST00000345068.9",11.7696323169064,20.3980743930326,4.20833336792861,4.84706714265671,1.25300030314662e-06,0.000258968583866097
"ENST00000612959.4",105.447342868832,10.3224474803399,2.08007555247635,4.96253487910614,6.95790664889811e-07,0.00015357833821406
"ENST00000401766.6",16.2314617162641,-20.4130025978675,4.2330795095543,-4.8222582523655,1.41942006321795e-06,0.000289218732336067
"ENST00000578584.5",6.44353318941365,-20.2209030954346,4.23356959687469,-4.77632471434084,1.78528029722244e-06,0.000347895021119312
"ENST00000611883.4",427.422442249816,-5.35784076130189,1.36349350149695,-3.9294949007235,8.51244817420099e-05,0.0123528301121958
"ENST00000445658.6",5.91196209837961,-19.7536747692461,3.32669057389194,-5.93793571433246,2.88633168341004e-09,1.56285771382895e-06
"ENST00000645104.1",15.9378606701138,-19.7019330254649,3.08693955691276,-6.38235140734948,1.74389214141624e-10,1.65195027240491e-07
"ENST00000698808.1",63.0610116670985,24.7107802395784,4.20614943707494,5.87491733454979,4.23054404059902e-09,2.13442339352216e-06
"ENST00000678048.1",14.1312689725649,15.9720882467507,3.88289793457941,4.11344529674864,3.89797442607591e-05,0.00613989486734599
"ENST00000679166.1",27.4878852688488,16.4594302610813,3.94075527558736,4.1767197174222,2.95743067203075e-05,0.0047798246814025
"ENST00000343619.9",1127.46005929886,-24.4595763919866,2.92182410639481,-8.37133773331989,5.69677779381972e-17,2.04496332973516e-13
"ENST00000585525.5",32.0536012479884,-22.6926478503091,4.23188463898074,-5.36230303663823,8.21675422202813e-08,2.45796274104915e-05
"ENST00000341165.10",328.049797391832,7.46597538394253,1.24155669922166,6.01339865398256,1.81673526253021e-09,1.13677625546431e-06
"ENST00000541594.5",6.67636489876608,-14.9449103911953,4.23514770509437,-3.52878138658975,0.000417477851077388,0.048589862380345
"ENST00000535346.5",49.1849095624392,-6.34214053555888,1.55575035513289,-4.07657984112569,4.5702967260057e-05,0.00710051293622991
"ENST00000690201.1",16.8921220004677,-17.5464140823224,4.25290256672857,-4.12575030982182,3.69528019651377e-05,0.00586123001216337
"ENST00000648792.1",101.839701391612,-22.3482328735939,4.23120687341182,-5.28176322789282,1.27946485117338e-07,3.59113665470901e-05
"ENST00000705717.1",15.9256871432577,21.0108856455986,4.20823466840978,4.99280275487541,5.95093247203916e-07,0.000134842989476066
"ENST00000579925.5",328.4219221891,-22.6123368646073,3.52212673489678,-6.42008041350904,1.36202378822426e-10,1.36610985958893e-07
"ENST00000588462.5",30.575233942356,-15.3198935929037,3.93022729127116,-3.89796631531424,9.70039054371792e-05,0.0138122220593682
"ENST00000580753.5",75.9908236797521,-22.6797593420648,3.89292590134274,-5.82589032435531,5.68089164036229e-09,2.70950722684804e-06
"ENST00000589480.6",142.727355055912,23.7404493954268,3.32889277456303,7.13163535240123,9.91833520130779e-13,1.93277181162856e-09
"ENST00000586611.1",7.81911482649429,-16.093725512797,4.29682459459013,-3.7454927839176,0.000180040022516558,0.0238435916421734
"ENST00000584999.1",45.1783725925363,-24.0720933465944,3.6352526467897,-6.62184879167958,3.5473382959219e-11,4.39895747518285e-08
"ENST00000590221.5",375.252789933051,-25.4266623138464,4.23070093832624,-6.01003537818152,1.85482846090233e-09,1.15006109406711e-06
"ENST00000585509.5",691.987347018368,-6.65452454563708,1.8193743182279,-3.65758957844294,0.000254598292897281,0.0320972679644476
"ENST00000677109.1",116.729443352527,-23.375038367027,3.99548798352879,-5.850358820597,4.90513660512482e-09,2.44197034318199e-06
"ENST00000615544.5",68.8771425923874,4.56239892146577,1.20529168484986,3.78530689194465,0.000153519006965768,0.0208577895440104
"ENST00000680593.1",1091.74518998638,26.1944192786005,4.2059876170712,6.22788787401156,4.72765206466514e-10,3.70626185538415e-07
"ENST00000698824.1",19.8899761938844,-20.6242393362093,4.23291434854487,-4.87234978976108,1.10278695997031e-06,0.000230829634779685
"ENST00000400266.7",21.1537923054663,22.5141958111442,4.20678535736287,5.35187652770043,8.70467882141898e-08,2.58127788841765e-05
"ENST00000516871.1",15.9441382220088,-15.2769727145914,3.89601186720056,-3.92118228468552,8.81155728535953e-05,0.0127327002773445
"ENST00000588063.1",9.79188261125499,-3.42033202343183,0.894828580635239,-3.82233211751432,0.000132195477385081,0.0182136190090806
"ENST00000679177.1",78.1437991435695,8.36273942073324,1.97583842042757,4.23250167335219,2.31106193119425e-05,0.00381655370351508
"ENST00000399848.7",121.024325545033,-22.0777324078868,3.48203312915751,-6.34047166955836,2.29062793752738e-10,2.02896088118334e-07
"ENST00000696484.1",24.0174931661807,15.5492953063761,4.20667758653096,3.69633635726261,0.000218733137491555,0.0284161426847124
"ENST00000586438.5",58.3193012852087,20.3721080310855,4.20775120792143,4.84156667645496,1.28819435970958e-06,0.000263843868197094
"ENST00000640965.1",86.185482533324,-25.3650625217378,4.23077203304317,-5.99537444315873,2.03017102387376e-09,1.22536092488749e-06
"ENST00000255674.11",281.751283447392,-25.1002564832682,4.23071735114917,-5.93286064748578,2.97701515704458e-09,1.59877434465408e-06
"ENST00000309902.10",51.5674156290198,-22.4892381623654,2.73503224204278,-8.22265924937263,1.99039748134532e-16,6.14450280837861e-13
"ENST00000585474.5",263.20386060652,-24.0243627739717,2.5037151686548,-9.59548557070074,8.35228870852204e-22,9.49432498460062e-18
"ENST00000706715.1",5.48602830451008,-5.87881213793831,1.57119011894138,-3.74163003386203,0.000182830535337319,0.0241662283568731
"ENST00000233607.6",923.608969023863,-23.3186403922689,4.23094787025104,-5.51144592355502,3.55897777339105e-08,1.25615771791387e-05
"ENST00000586503.1",3.71362080465691,-5.65802005315487,1.47637395823126,-3.83237595164123,0.000126911596901367,0.0176650582756344
"ENST00000262970.9",13.1511571316264,22.2705021578945,4.20699187151856,5.29368794569496,1.19873919375418e-07,3.40739791112299e-05
"ENST00000540670.6",59.8271710171531,24.4613444435697,4.20614487865241,5.81562099007078,6.04092005350484e-09,2.85854874472013e-06
"ENST00000688351.1",187.407298229347,-23.5033202554301,2.70948241672495,-8.67446864033883,4.15485915299553e-18,2.36148344725756e-14
"ENST00000393028.5",38.7104265823451,21.5784631279217,4.2076189164417,5.12842620884741,2.92174377485632e-07,7.12625332369403e-05
"ENST00000599910.6",13.5551590788696,6.52937140607978,1.62815373810396,4.01029169007311,6.06437828803917e-05,0.00917106112544176
"ENST00000699177.1",59.1637356450475,-19.6237993848378,4.23535215830022,-4.63333358157244,3.59824030514971e-06,0.000665079625399541
"ENST00000222249.13",70.0322683016286,-18.4530455878512,3.09610775976675,-5.96007859533977,2.52116645455426e-09,1.44498854509596e-06
"ENST00000682733.1",103.832727990344,-21.2755099345163,4.05180511633789,-5.25087197524089,1.51380871010476e-07,4.13599430292842e-05
"ENST00000600377.1",65.0110467809957,22.3929138384892,4.20639737403127,5.32353742343382,1.0176850408916e-07,2.96624745850304e-05
"ENST00000291481.8",26.1124086072928,-21.4116686364021,4.23190378029844,-5.05958305008818,4.20174242098383e-07,9.8819186234752e-05
"ENST00000611392.5",13.8741535262101,-15.8188085688283,4.2318913982892,-3.73799965075267,0.000185490204427459,0.0244231156424139
"ENST00000397082.2",72.3953680374775,-21.8258379643572,2.52488807421552,-8.64427939885553,5.41459151950225e-18,2.63783428568665e-14
"ENST00000588831.5",78.982736297478,21.2991881888224,3.18171670938287,6.69424406202199,2.16789342994433e-11,2.95718006991845e-08
"ENST00000589146.5",7.82956682582173,-5.28388935176016,1.44421556462829,-3.65865697695905,0.000253540424485254,0.0320230946510967
"ENST00000355481.8",5777.22909956326,25.9093575788093,4.20599353129618,6.16010400064135,7.26971853627348e-10,5.38939003313039e-07
"ENST00000600042.5",127.909939498858,5.45833421717126,1.2174585534788,4.48338401465453,7.34685430287811e-06,0.00130831553752872
"ENST00000598952.1",10.0970911698352,2.68331376920195,0.714193361269751,3.75712505144452,0.000171876618450099,0.0229856331073932
"ENST00000607544.1",32.7725317301766,20.9879345135948,3.51991504425392,5.96262530479438,2.48217168990549e-09,1.43469523676537e-06
"ENST00000438932.2",556.704201459538,-24.4268951705481,2.37689161441523,-10.2768233193324,8.96332991696464e-25,2.03778317885552e-20
"ENST00000396720.7",73.5353196587501,24.01009212279,3.64831477236456,6.5811459868164,4.66835922437136e-11,5.48966849205215e-08
"ENST00000613299.1",187.935165587728,20.9879049280011,2.29758992160891,9.13474799423917,6.55592859606321e-20,4.47140553965895e-16
"ENST00000704026.1",110.94560881903,-24.665620573115,4.23075213184697,-5.8300793344627,5.54010304297258e-09,2.66096611227396e-06
"ENST00000706759.1",40.5518890263188,22.4136380678973,4.17918460625704,5.36316056350797,8.17782515108158e-08,2.45796274104915e-05
"ENST00000599561.1",31.229761601629,20.3437171393431,3.42251163976032,5.94408997854213,2.77996876610685e-09,1.55408877068362e-06
"ENST00000601493.5",17.974346603121,8.9868005043337,2.53033040030122,3.55163124280681,0.000382851005802263,0.045412121738674
"ENST00000284648.10",15.872926806684,-23.0618831418173,4.23138161552787,-5.45020166869074,5.0312734850749e-08,1.64188027165573e-05
"ENST00000650950.1",27.1673495022351,-20.4431687104236,3.18036274566995,-6.42793616490976,1.29348034208025e-10,1.3167243768842e-07
"ENST00000649428.1",62.443564621236,23.18243605766,2.73674048539733,8.47082000699613,2.43671517538254e-17,9.23298454565503e-14
"ENST00000425775.2",73.1644698881759,-6.24833473370856,1.47147429512959,-4.24630912982296,2.17320745328078e-05,0.0036151571010625
"ENST00000440705.6",56.841674333014,25.0276415311037,4.2061547632607,5.95024266575053,2.67745224232446e-09,1.50919795649172e-06
"ENST00000677417.1",97.667930380444,-10.6122067970361,2.95637150677536,-3.58960528902246,0.000331179046709557,0.0401917005369726
"ENST00000677814.1",37.0970671745527,15.507595163743,4.20644326000754,3.6866288703286,0.000227244389025161,0.0293858325017159
"ENST00000628147.2",9.12931702331962,-6.42645420392862,1.74270660757232,-3.68762829956845,0.000226353971746352,0.0293502781159472
"ENST00000682352.1",32.5177610419371,21.7521617817485,4.20667045687016,5.17087373607405,2.3300196906148e-07,5.84252437421662e-05
"ENST00000684585.1",56.6214251075878,22.5224656070505,4.20635126841175,5.3543948590757,8.58432181819381e-08,2.55670342920564e-05
"ENST00000409438.5",523.253557640024,20.1213273457229,2.0358251848949,9.88362237338254,4.90278716653027e-23,6.68779391812061e-19
"ENST00000409567.7",40.5627833742173,-20.2214675424884,3.65062949802773,-5.53917277921881,3.03903705054704e-08,1.10841969516316e-05
"ENST00000331001.2",26.0007614768035,-23.290918556992,4.23121709702374,-5.50454349727764,3.70126073324764e-08,1.26854666859509e-05
"ENST00000697737.1",157.660106696397,-21.2051865744585,3.88920720848482,-5.45231597025652,4.97180134846535e-08,1.63027278447467e-05
"ENST00000608834.1",16.115657522028,4.98672193068024,1.2358037048086,4.03520551951458,5.45545237572885e-05,0.00834268326982535
"ENST00000700754.1",25.1505077378742,-22.5342704309204,4.23128286017718,-5.32563555204553,1.00600659989025e-07,2.94479288149849e-05
"ENST00000351659.7",146.019571935059,-23.6566821328836,4.2308929677774,-5.5914158814826,2.25225401499504e-08,8.58171691836434e-06
"ENST00000393041.7",43.9751564216615,-22.050734749592,4.23147781979795,-5.21111906729667,1.87704929620859e-07,4.90506782370156e-05
"ENST00000452600.1",122.262800510721,-21.0551736146645,3.86688587755254,-5.4449948308252,5.18068900892484e-08,1.66671562813542e-05
"ENST00000404590.1",69.1384438437999,-22.5489318035124,3.41169282163924,-6.60930892151016,3.86118235423335e-11,4.70264430871664e-08
"ENST00000475377.3",1820.25687376944,-6.24103212462713,1.46598733341393,-4.25722104303131,2.06983683061202e-05,0.00346007723517309
"ENST00000631182.3",86.265376331129,-22.1987427959551,4.23133012986401,-5.24628003834541,1.55200943491002e-07,4.20052585311917e-05
"ENST00000513963.1",75.8587675389834,-8.56958415979037,1.68878826663412,-5.07439821148817,3.88724244767239e-07,9.23782173871246e-05
"ENST00000409219.5",56.5691876765245,21.6064903661142,3.6531035537449,5.91455732043641,3.32769338649421e-09,1.74586153640347e-06
"ENST00000699305.1",189.774513356259,26.5547819738155,4.2060189343521,6.31351936077434,2.72760183908324e-10,2.29670809670165e-07
"ENST00000392131.3",6.27309768829482,-5.40957923387456,1.43581156079556,-3.76761086313946,0.000164817353383052,0.0222158157512602
"ENST00000374969.6",58.6918271937508,-19.1309711788834,3.69277550656011,-5.18064830772892,2.21116042345152e-07,5.63588177879003e-05
"ENST00000339098.9",89.2501538342022,-20.3365405995848,3.88589572867714,-5.23342416254382,1.66398295632521e-07,4.46812179343325e-05
"ENST00000698142.1",62.5110571198399,-24.9655881899357,4.23082421150691,-5.90088052394963,3.61566674469258e-09,1.85415740342115e-06
"ENST00000678761.1",112.28072065375,24.4566316934729,4.20605897535772,5.81461929962428,6.0772032136593e-09,2.85854874472013e-06
"ENST00000409357.5",34.1929009757738,22.1397393172772,3.08319784363697,7.18077153659428,6.93191058776798e-13,1.39054126390626e-09
"ENST00000416430.1",20.8331522642056,-15.2246583710819,3.90060436200104,-3.9031537059738,9.49473623238531e-05,0.0135760794547926
"ENST00000295658.8",97.015999925266,-22.7279380107054,3.95706199749711,-5.74363960561677,9.26628991594063e-09,3.99998757865073e-06
"ENST00000437356.7",455.065416141397,-10.179917188331,1.8473140585882,-5.51065864572641,3.57493429202203e-08,1.25615771791387e-05
"ENST00000358662.9",20.1540452949478,20.8496635622711,4.20852240325434,4.95415292221055,7.26460589970274e-07,0.000159316778386921
"ENST00000666653.1",10.4235131319523,20.2914307795125,4.2080093670167,4.82209734098054,1.420565880778e-06,0.000289218732336067
"ENST00000681414.1",42.3306397254515,23.179347172262,4.2064210526581,5.51046765934537,3.57881564248276e-08,1.25615771791387e-05
"ENST00000647026.1",226.066541936329,-23.606131295924,4.23089281118846,-5.57946805778165,2.41255242505314e-08,9.1414291999069e-06
"ENST00000304189.6",184.416483204482,-21.9359708765698,2.65740342782632,-8.25466342327736,1.52330910469641e-16,4.94741781793875e-13
"ENST00000429036.2",9.87836588107007,-20.1779486794534,3.49325070401963,-5.77626697569542,7.63761536947508e-09,3.38257090038752e-06
"ENST00000375689.5",40.8904443563594,-8.53957809452203,1.81556373677105,-4.70354079097743,2.55687982935858e-06,0.000484415088559924
"ENST00000696232.1",37.3960122781708,-21.7610222151555,4.23156536463078,-5.14254663228018,2.7103913682213e-07,6.7221648319333e-05
"ENST00000346541.7",339.357193406806,-21.1826446850305,2.83376371962964,-7.47509206159185,7.71498246028183e-14,1.87925951328951e-10
"ENST00000397800.5",309.774426602021,-22.3574353644872,2.15430888875684,-10.3780082239686,3.12221009211101e-25,1.0647360856117e-20
"ENST00000372689.9",171.647006473343,-10.2631182805072,1.79309432788424,-5.72369123079939,1.04234117700075e-08,4.41364854498269e-06
"ENST00000357410.7",440.180875216604,-21.5780462882033,3.14198784017813,-6.86764156508639,6.52719688608188e-12,1.14148958055982e-08
"ENST00000371677.7",93.8972508180826,23.6282925168783,3.62791573307131,6.5129110639169,7.37081558587681e-11,8.1083726809539e-08
"ENST00000306090.12",212.341548050886,-20.724360013223,3.43456509053608,-6.03405655939638,1.59894059162209e-09,1.02881268029239e-06
"ENST00000644775.1",30.1846437998012,-15.7073399716049,4.2312506525093,-3.71222157739339,0.000205448006084863,0.0267411752042214
"ENST00000626839.2",378.45052232037,-17.6828622763723,3.37502522993525,-5.23932743362382,1.61162868487003e-07,4.34464517086465e-05
"ENST00000349451.3",45.3830021256311,9.73623040364802,2.71310453741823,3.58859390390941,0.000332466244070508,0.0402048363662853
"ENST00000290244.9",16.3058911937926,-21.5479887746936,3.46288570130838,-6.22255270122031,4.89130399726524e-10,3.79098292988043e-07
"ENST00000433957.7",7.74913502330553,16.0398118713293,4.25042231815668,3.77369839293649,0.000160845199223975,0.0217233385502415
"ENST00000656253.1",14.9313734354228,-20.4396999776445,4.09639199534797,-4.98968360470791,6.04782673724253e-07,0.000136584759863209
"ENST00000440086.5",19.8836773630514,-21.0775052340605,4.23231775994409,-4.98013297431121,6.35405989740072e-07,0.000142201071804059
"ENST00000359859.4",4.78630202477199,-5.39164507974247,1.46689705206409,-3.6755442872803,0.000237342861828698,0.0304280686995574
"ENST00000433835.3",242.165955499565,23.0920363294629,3.90402836241846,5.91492535037781,3.32026134070868e-09,1.74586153640347e-06
"ENST00000407817.3",57.4923822163762,-20.9147381153827,3.79193172080246,-5.5155893236803,3.47613132582931e-08,1.2412882772087e-05
"ENST00000404802.7",44.7179394331035,-24.5369058917589,4.23089989888817,-5.79945318446483,6.65315086530925e-09,3.04544631958089e-06
"ENST00000381683.10",137.057082006767,-25.5141081326284,4.23075932023469,-6.03062150347354,1.63330316517745e-09,1.04110101941834e-06
"ENST00000460648.5",4.9462046490093,-5.72968908723991,1.55678302412462,-3.68046734737599,0.000232806871251177,0.0300158031130724
"ENST00000651595.2",38.1416171112105,6.61630800840212,1.30555102607459,5.06782797168442,4.02380804857476e-07,9.52915986614559e-05
"ENST00000395737.2",8.37057233145831,20.6138993275536,4.20885113035595,4.8977496920425,9.69404110470032e-07,0.000206359473350236
"ENST00000360719.6",14.6165016989251,-19.5913893217712,4.23531066637063,-4.6257266266986,3.73287389245878e-06,0.000686245096930617
"ENST00000454244.4",14.6951212478213,-23.0446516285276,4.23144193303853,-5.44605172260503,5.150016672225e-08,1.66470017588831e-05
"ENST00000406341.5",35.8785260790937,22.1416560005964,4.20702007832848,5.26302598712427,1.41703539853359e-07,3.92517116472067e-05
"ENST00000383832.8",30.1775218275663,-16.9995075334088,2.80519729319113,-6.06000425519823,1.36117947567533e-09,8.9267197075923e-07
"ENST00000683189.1",10.9276774639675,17.9118807627484,4.21706210558508,4.24747853227626,2.16189873031723e-05,0.00360513792182289
"ENST00000682783.1",25.5617515604247,20.16647841719,4.20823359717581,4.7921480477519,1.6500506640162e-06,0.000327151324094654
"ENST00000397077.6",217.495890226212,15.1470534967694,4.19519383733526,3.61057297566746,0.000305521322790534,0.0374780149273482
"ENST00000680943.1",41.495316819062,-21.6825859028109,3.88694007699672,-5.57831751282469,2.42856067808323e-08,9.15124599381153e-06
"ENST00000693312.1",21.7821731419356,15.0127553874026,4.20704406662407,3.56848065997309,0.000359057352106265,0.0431146965546755
"ENST00000427382.2",35.9194782189427,-22.3934690346853,3.39264689994584,-6.60058936137529,4.09526445548299e-11,4.90023538459231e-08
"ENST00000671928.2",9.6636310380979,-20.3584918554515,4.23340966809438,-4.80900584908799,1.51682768630324e-06,0.000305173202113942
"ENST00000428386.5",121.189246407012,-16.0683805635481,4.23077390253384,-3.7979766666152,0.000145882052366309,0.0199393577146127
"ENST00000635664.1",60.257457532964,5.06765098703281,1.40251440144263,3.61326128403402,0.000302369733024998,0.037225316374074
"ENST00000699994.1",127.994450641283,-24.3955230071189,2.87785704435572,-8.47697527400305,2.31124042672357e-17,9.23298454565503e-14
"ENST00000356847.8",119.099294712003,-23.4602706390052,2.85750980783211,-8.21004028567226,2.21114296013127e-16,6.28369976886639e-13
"ENST00000699996.1",83.8571790683045,-23.573153014707,2.84292588679679,-8.29186336660626,1.11487954745861e-16,3.80196223274336e-13
"ENST00000421516.3",36.3870278814467,6.60356247775427,1.51670724309974,4.3538807556944,1.33748477556959e-05,0.00230224113218192
"ENST00000695442.1",27.9387853423893,21.7636495780959,4.2066467387371,5.17363375861451,2.29584631311503e-07,5.77807756235046e-05
"ENST00000522736.5",29.157712609966,3.14958019077162,0.802322685008189,3.9255778873303,8.65217674282261e-05,0.0125289397572712
"ENST00000673621.2",179.407888868356,23.7997941642591,3.87944778117757,6.13484070586844,8.52445661475827e-10,6.05627123909347e-07
"ENST00000431636.5",19.9312114854679,-19.2289710225531,4.23731724618182,-4.53800598477255,5.67886491563093e-06,0.00102195594381449
"ENST00000469139.2",289.622942772618,-25.1335041130461,4.23071642160385,-5.94072057978258,2.83771942640229e-09,1.5608372238576e-06
"ENST00000435508.8",64.9469680855248,-22.4264605201661,3.79904589854308,-5.90318230394808,3.56555891466894e-09,1.84231348648546e-06
"ENST00000678010.1",12.0946779509279,19.9858042192978,4.20847286059363,4.74894454148355,2.04481001375502e-06,0.000390656084532625
"ENST00000429770.5",79.5029417441974,-18.4173898339267,4.24209920955032,-4.34157451868717,1.41465282329329e-05,0.00241816995388209
"ENST00000417220.6",46.5320510615909,-21.2970448325048,3.07032358699704,-6.93641703522677,4.02169247977423e-12,7.21830299711899e-09
"ENST00000296302.11",736.302996571778,-3.27041650330765,0.926649107620199,-3.52929331762555,0.000416671030221888,0.0485788563166729
"ENST00000705651.1",37.9769205890733,15.6377633841858,4.2064047569066,3.71760785942194,0.000201118129350349,0.0262778944333549
"ENST00000535334.5",76.2954376132625,-23.3693283582053,4.23093259314139,-5.52344615371289,3.32414198933582e-08,1.19326200126663e-05
"ENST00000319792.7",24.5528394030754,20.0504038519958,4.09410746100895,4.89738094149942,9.71224428852059e-07,0.000206359473350236
"ENST00000273395.8",28.8253146144403,-16.722145062052,4.23110647193322,-3.95219197932676,7.74385739156833e-05,0.0114089783457807
"ENST00000570269.2",360.33627538132,-6.194393512046,1.19700177460593,-5.17492425112342,2.28003464094907e-07,5.75953639449223e-05
"ENST00000491903.1",184.615819920841,-6.98999690136312,1.90090026997101,-3.6772033818848,0.000235805027555431,0.0302878457615643
"ENST00000418265.1",69.7021766256921,-22.0485819614585,2.33030214160715,-9.46168377386982,3.03023769572105e-21,2.95249045427084e-17
"ENST00000426664.6",85.0336666129804,-24.0853910746042,3.8907819849512,-6.19037282678955,6.0022076851223e-10,4.53496735171703e-07
"ENST00000264991.8",35.5162284507545,20.5296190004792,3.37796991867699,6.07750201888115,1.22069144624443e-09,8.18918639848243e-07
"ENST00000236698.9",319.037205333977,-15.6035490783808,3.43580739285308,-4.54145046396901,5.58685140325475e-06,0.0010080571775333
"ENST00000497002.1",220.81745322364,-24.4707865685472,3.16543359155757,-7.73062705653105,1.07018117482724e-14,2.80733218645834e-11
"ENST00000703527.1",168.254757956417,-26.2195174706483,4.23070490292412,-6.19743472359093,5.73908276188323e-10,4.39807191788184e-07
"ENST00000481767.5",401.377080815653,4.87214579953931,0.885351057798987,5.50306655944098,3.73241427920375e-08,1.27282791749406e-05
"ENST00000651689.1",90.6755637374399,25.2278621155158,4.20608230521498,5.99794780150562,1.99826727194707e-09,1.21687340192748e-06
"ENST00000486975.1",14.3407573167602,-15.3749802050952,4.23217535650365,-3.63287881761994,0.00028027666688866,0.034756345069953
"ENST00000473233.5",54.6712705441291,-20.6822397003648,3.23646307158695,-6.39038334221549,1.65470402119741e-10,1.58954131072884e-07
"ENST00000382330.7",1407.06870710053,24.1701299591798,4.20607660083126,5.7464787860504,9.11210570182184e-09,3.95848444131883e-06
"ENST00000361150.6",940.249738890395,-4.45699955013358,1.07883778791686,-4.13129721636804,3.60721822012603e-05,0.00574828765152981
"ENST00000381975.7",10.2387792167079,21.4134123163966,4.20777135544813,5.08901518345834,3.59927797522957e-07,8.64384348670978e-05
"ENST00000504019.1",31.1460833449025,-2.38189734181164,0.6681729154007,-3.56479181797308,0.00036414510434147,0.0435685809078019
"ENST00000504933.1",26.1162245264377,-16.3744507981628,4.27852701309431,-3.82712338803735,0.000129649533672127,0.0179727983629547
"ENST00000509482.1",253.073813538089,20.6164146824918,4.20747246818195,4.89995236769789,9.58598926927484e-07,0.000204953859599254
"ENST00000700572.1",13.8268363174452,-22.2600239003789,4.232038890413,-5.25988169692991,1.44148111965771e-07,3.96430557601349e-05
"ENST00000511002.6",10.1509058928844,16.8532264719167,3.83550627535998,4.39400310206374,1.11282226430166e-05,0.00194114909755577
"ENST00000604448.1",5.20352469632565,-4.87234746504244,1.34620293290763,-3.61932614016729,0.000295371181857328,0.0364294685124723
"ENST00000638451.1",8.40212891610937,-16.3949191234149,4.23234292823446,-3.87372181352379,0.000107185758574939,0.015187444719719
"ENST00000703497.1",13.203433837698,-20.0748134433754,4.18680149668659,-4.79478510248515,1.6284930875065e-06,0.000323818491371118
"ENST00000678329.1",97.8236245836419,-23.589330505484,4.23087405343859,-5.57552179704146,2.4678900235319e-08,9.20046155051559e-06
"ENST00000452464.6",40.2056069477482,-21.8472255595433,4.2315348789183,-5.16295533055563,2.43081163107504e-07,6.07293320460959e-05
"ENST00000628926.1",14.8623761732637,18.3176551552063,4.2076126931214,4.35345562702383,1.34008229645801e-05,0.00230224113218192
"ENST00000638048.1",98.956261843605,17.3612856588266,4.20380287534186,4.12990003900094,3.62920996043381e-05,0.00576985165830834
"ENST00000641718.1",102.563937814168,20.0832180197717,4.20827723000464,4.77231344850101,1.82121772587785e-06,0.000353603507754256
"ENST00000641657.1",59.9960175119107,-21.0305274130682,4.23222860105581,-4.96913786930644,6.72512417287609e-07,0.000149407286347505
"ENST00000394706.7",58.4886478836632,-21.3688523787524,4.23189447951395,-5.04947665453291,4.43022071236954e-07,0.000103125861251349
"ENST00000510212.1",9.04322713047684,-5.28267402469283,1.46341984058237,-3.60981440745712,0.000306416165261096,0.0375203018590086
"ENST00000645635.1",7.13670486409115,-20.5011536971759,4.23304038141569,-4.84312736235215,1.27811303616817e-06,0.000262567534695223
"ENST00000694899.1",29.1289902116058,-16.2597673316767,4.29320634854748,-3.78732490628545,0.000152277921746558,0.0207304658179685
"ENST00000699047.1",170.890003424386,-15.0742512377728,4.23081253287213,-3.5629683708863,0.000366684874522783,0.0437226838845313
"ENST00000511664.6",14.2949631492175,-18.9181297668675,2.96960878164841,-6.37057981636429,1.88314909091632e-10,1.68997763943233e-07
"ENST00000675492.1",31.255076562988,20.9720066667901,4.2072175439799,4.98476878068711,6.20359536098987e-07,0.000139640269967311
"ENST00000675079.1",50.8427648116969,-21.6787073474803,3.7461992610435,-5.78685377815213,7.17169539583669e-09,3.2609220851843e-06
"ENST00000327570.13",336.760710118635,23.3953237456869,3.95960143867338,5.90850470887929,3.45226947382709e-09,1.79739379536567e-06
"ENST00000393540.7",36.6666730427093,-21.9081127942727,3.13577889007785,-6.98649795226117,2.81832515877997e-12,5.19516348998457e-09
"ENST00000355634.9",58.1462704686662,-17.2841295030983,3.58757876557702,-4.81777004283232,1.45171542199512e-06,0.000294256768276182
"ENST00000510361.5",234.735247727361,-24.3384722502732,4.2307820023161,-5.75271243872867,8.78228011127845e-09,3.83965790198484e-06
"ENST00000449061.4",251.927219570857,-3.86221556311172,0.933593345343013,-4.13693561803689,3.51974814075637e-05,0.00562203518014398
"ENST00000711053.1",38.5593107305293,18.6552917555326,3.17595244061528,5.87392037643941,4.25607855139015e-09,2.13442339352216e-06
"ENST00000382072.6",41.5869711412181,20.1581885849967,4.1373424021393,4.87225533341731,1.10331448211509e-06,0.000230829634779685
"ENST00000642285.1",22.3994164866984,19.8118265414793,3.57987403942744,5.53422447920764,3.12608402214376e-08,1.12810282881637e-05
"ENST00000397338.5",71.5927156773343,5.13327136376421,1.21250210269992,4.23361852514216,2.29960895168586e-05,0.00380685749856268
"ENST00000508244.5",742.94638093091,-2.3424389993014,0.573419596611182,-4.08503478629757,4.40702137144818e-05,0.00686247684059936
"ENST00000653716.1",16.7758865276253,-19.6540672007611,4.07975347771844,-4.8174644149706,1.45394010481898e-06,0.000294256768276182
"ENST00000675042.2",38.937654029927,6.56130336598718,1.56336418480071,4.19691293287722,2.70577893420037e-05,0.00439392729590957
"ENST00000381103.7",61.3828511100922,-22.2090965188327,3.48433975478724,-6.37397558269655,1.84189928012287e-10,1.67499864668667e-07
"ENST00000694989.1",134.204591183516,-7.18588521515587,1.92715826312472,-3.72874680437744,0.000192434381464273,0.0252886214901527
"ENST00000508491.1",17.3328076229505,-14.9610484555865,4.23236468794774,-3.53491477192175,0.000407906701345888,0.047967014928612
"ENST00000296799.8",26.1835979698883,-6.112026799996,1.5477802336463,-3.94889834301419,7.851168202197e-05,0.0115405404323846
"ENST00000340208.9",9.22257341818424,20.1156221178288,4.21052516084409,4.7774615634398,1.77521969689631e-06,0.000346925742713799
"ENST00000698490.1",14.5315664028472,20.9144490015032,4.20723799776865,4.97106391713408,6.65864912461093e-07,0.00014841389048855
"ENST00000674702.1",52.6550605477531,-8.6521542025366,1.69653496700014,-5.0998973618773,3.3983771242348e-07,8.19020895340319e-05
"ENST00000508608.6",235.594805635327,-22.022313281148,3.48996232571363,-6.31018653665405,2.78699349588499e-10,2.31809883406512e-07
"ENST00000504465.5",18.5685361732948,-19.7303848959467,4.23491827799264,-4.65897653762966,3.17785416765909e-06,0.000592192255877105
"ENST00000515539.5",27.5079650935063,2.77342307610745,0.61000667239508,4.54654547501605,5.45335914060251e-06,0.000986580654709956
"ENST00000542322.5",46.9785176808609,-21.6886379294779,3.32188916612066,-6.52900709351667,6.62071159794705e-11,7.40260678403902e-08
"ENST00000636743.1",165.548640574153,26.0315636378983,4.20603080557891,6.1891043696993,6.05070126394713e-10,4.53496735171703e-07
"ENST00000678051.1",16.5896388983827,-21.9240785476934,4.23215181422746,-5.18036202623686,2.21455679537231e-07,5.63588177879003e-05
"ENST00000627109.2",4603.1837545527,-7.77730102064189,1.84296100159823,-4.22000303527713,2.44299029301862e-05,0.00401498096253113
"ENST00000517417.3",26.6259213111822,22.2720077525202,4.20686171204515,5.29420962156912,1.19532258342337e-07,3.40739791112299e-05
"ENST00000617380.2",29.8769375662172,20.2636020725195,4.20917900908754,4.8141459483597,1.4783074135071e-06,0.000298303191807213
"ENST00000520790.2",52.5406697558936,24.305696221548,4.20619311250934,5.77854976493165,7.5347258464654e-09,3.38257090038752e-06
"ENST00000657001.1",3019.69559819189,-3.53041681957626,0.912351292129653,-3.86958055524358,0.000109022755533214,0.0153950062492492
"ENST00000678646.1",753.565612486512,-8.25335179617778,1.79901390625781,-4.58770872613533,4.48137290723562e-06,0.000815060154040261
"ENST00000435847.6",57.7283438596012,-22.774360631662,4.23108067563707,-5.38263445620377,7.34035082876121e-08,2.25514093659833e-05
"ENST00000676589.1",6953.65520682853,9.37453801355778,1.85194670544697,5.06199124736433,4.14900077380237e-07,9.79164182617358e-05
"ENST00000677325.1",1527.19303086968,-2.87824579185631,0.804052154461331,-3.57967549230009,0.000344021152021746,0.0415285285884799
"ENST00000505811.6",29.4195213253704,-14.1679695242972,2.91992477260414,-4.8521693631379,1.22118266275751e-06,0.000253159703132867
"ENST00000501855.6",223.447335240454,-23.7506813604649,4.23086282990343,-5.61367321875737,1.98076123289014e-08,7.76412868551949e-06
"ENST00000380773.9",250.858006667143,3.23188836995271,0.740813826225678,4.36261885988095,1.28514723431454e-05,0.00221904258149845
"ENST00000681012.1",27.1697620211715,-16.2490626970429,4.23119041123984,-3.84030523747607,0.000122881428119789,0.0172094556950351
"ENST00000612003.4",49.9422137155474,-22.22990962224,3.09569919313984,-7.1809010615444,6.92534574758786e-13,1.39054126390626e-09
"ENST00000688732.1",107.767291183918,-22.2153654783107,2.95416069716528,-7.520026076993,5.47653179519686e-14,1.38341249836891e-10
"ENST00000623385.3",44.480648532608,-23.9480977109422,4.23101857494002,-5.66012587436626,1.51262005894403e-08,6.21486376507343e-06
"ENST00000324771.12",208.926507404133,-19.0485234556343,3.36827793679047,-5.65527067929112,1.5560085504902e-08,6.31702423676392e-06
"ENST00000513240.5",86.0789583677942,-9.45287439909575,2.67586448038458,-3.53264317695834,0.00041142737266809,0.0481775399250889
"ENST00000322263.8",562.585198084544,-15.2568562523238,3.4220237825852,-4.4584308063452,8.25618393867564e-06,0.00146258638183227
"ENST00000614066.4",234.179969394363,-15.798894714947,4.31260452264222,-3.66342302708236,0.000248867025631902,0.0316674004033549
"ENST00000398904.6",32.5521264296607,20.8852284994041,4.20720669371889,4.96415555969345,6.90006233385754e-07,0.000152796055655331
"ENST00000695966.1",90.178918088917,-25.304204130176,4.23077797296514,-5.98098134477181,2.21797278004622e-09,1.31543143904585e-06
"ENST00000453940.6",80.2298493032751,-23.6618330860172,4.23086445980049,-5.59267102759728,2.23602714724626e-08,8.56775255903281e-06
"ENST00000361203.7",839.429335893013,25.5568764841436,4.20600464610174,6.0762834648389,1.22999902467865e-09,8.18918639848243e-07
"ENST00000681981.1",10.4678639038029,21.2156673886037,4.20807006089799,5.04166211150875,4.61505650393119e-07,0.000107063031902763
"ENST00000508658.6",225.510053871644,-3.73463392409365,0.94236313055121,-3.96305182473467,7.39977102772702e-05,0.011019519283299
"ENST00000369562.9",19.7343499904982,19.68136698287,4.10035490136893,4.79991792327519,1.5873066929691e-06,0.000317543401975329
"ENST00000687729.1",91.6075072736224,22.9183208676136,4.2062628485409,5.44861833243819,5.07626130949687e-08,1.64867298263297e-05
"ENST00000687437.1",9.28212218970972,15.7934568902143,4.207590997354,3.75356276314552,0.000174338854849066,0.0232692901294045
"ENST00000692394.1",24.1665683645656,-22.6016437160474,3.79679792203362,-5.95281713174285,2.63565743717446e-09,1.49801983204206e-06
"ENST00000369472.1",56.7448416842696,-22.2967968886934,4.23129444842052,-5.26949782400903,1.36797492454581e-07,3.8082188470907e-05
"ENST00000674744.1",51.3469626866897,-9.7717318624434,2.31641473068795,-4.21847250968799,2.4596295246883e-05,0.00403260990629425
"ENST00000358835.7",463.109253086912,-15.6043762204952,3.44641520048933,-4.52771222059363,5.96257076898737e-06,0.00106737841660896
"ENST00000435970.5",1131.99039132069,-3.14993293401527,0.825881003918882,-3.8140275888034,0.00013672019533035,0.01876230221793
"ENST00000646710.1",25.183248270933,-16.6345061239882,4.23118215735535,-3.93140864783411,8.44495854798401e-05,0.0122810224479041
"ENST00000427704.6",19.3462308748059,20.4423408766731,4.20944893896252,4.85629857330242,1.19600322570913e-06,0.000249456281364727
"ENST00000683244.1",923.90582681656,-20.3118521542405,4.23329142930569,-4.79812280667195,1.60159574871036e-06,0.000319401276155093
"ENST00000423258.5",36.3514844221744,-22.109699403285,4.23137876881965,-5.22517614499741,1.73989397142924e-07,4.63545814169376e-05
"ENST00000401401.8",191.620505293933,-22.8214578199345,2.23597688853496,-10.2064819797343,1.85467845697462e-24,3.16241223698742e-20
"ENST00000699768.1",24.3428961969089,-20.8861355376251,3.60121711589436,-5.79974349378767,6.6416434014355e-09,3.04544631958089e-06
"ENST00000342651.9",29.6512692351531,-20.2830100393132,3.66319723887904,-5.53696913287693,3.07750763288115e-08,1.1164804818778e-05
"ENST00000409765.5",22.2117734800028,-20.875512919866,3.61329060566826,-5.77742429217236,7.58528339792965e-09,3.38257090038752e-06
"ENST00000706162.1",53.1142236740208,-22.2972608573399,4.23126384657443,-5.26964558719055,1.36687420188241e-07,3.8082188470907e-05
"ENST00000475551.5",85.6617661852191,-3.6542874815095,0.954978524899657,-3.82656508626041,0.000129943802971081,0.0179770530179303
"ENST00000456806.3",17.1378575786924,-17.959844924739,4.04326842421881,-4.44191259159574,8.91627816611283e-06,0.00157138458925468
"ENST00000640851.1",45.2635909717294,-21.5860048728055,4.23227327617781,-5.10033342939045,3.3905565516601e-07,8.19020895340319e-05
"ENST00000434326.5",65.0689449803091,-5.25626901752419,1.41260668977421,-3.72097134720801,0.000198457957127687,0.0259800892666733
"ENST00000395156.7",201.13438724159,-25.1312487086649,2.74212130702282,-9.16489312281754,4.95960953520613e-20,3.75850231932444e-16
"ENST00000677570.1",281.228933141756,-16.2120628661448,4.14809170726374,-3.90831833292301,9.29407944937e-05,0.0133451241003122
"ENST00000257637.8",27.8636319075196,-1.72764369070772,0.470689067167161,-3.67045638239599,0.000242117784603949,0.0309819913341984
"ENST00000681722.1",57.6953936747418,-19.5334535348791,4.23570473344646,-4.61161831716851,3.99546131727181e-06,0.000730580277971063
"ENST00000679521.1",2189.02214266363,11.5703685374729,1.5794494417889,7.32557069023253,2.37884190735931e-13,5.23375914353337e-10
"ENST00000680766.1",94.5967945482379,-17.8111408022095,4.24911907348399,-4.19172550690739,2.76840824995897e-05,0.00448495288076488
"ENST00000644816.1",87.6959538576935,-23.1008841945537,3.44657655914912,-6.70255942327213,2.04800247046897e-11,2.85065225501766e-08
"ENST00000695664.1",85.9145645206068,21.9811338527824,4.20656395993915,5.22543673699434,1.73744518798796e-07,4.63545814169376e-05
"ENST00000292535.12",90.2617024809598,-16.5174746703221,4.23079628168978,-3.90410541434177,9.45745551805278e-05,0.0135511826922956
"ENST00000546411.7",41.8467643034666,-17.3276704232579,4.23093839347396,-4.09546743814212,4.21317443599671e-05,0.00659071901909908
"ENST00000437604.6",22.7019183925767,-16.7342735529128,4.23123071130847,-3.95494235475946,7.65531074660025e-05,0.0113555985945485
"ENST00000388781.8",71.2615985365316,-9.66600158967916,2.39435831384288,-4.03699042611775,5.4141277407951e-05,0.00829809367265593
"ENST00000650728.1",16.5095658038914,-23.1032400868819,4.23135306699592,-5.46001236982198,4.76101410451976e-08,1.58400100480325e-05
"ENST00000651842.1",14.9623893180785,-22.969850891067,4.2314273289919,-5.42839309414285,5.68636898536991e-08,1.79552365869523e-05
"ENST00000480861.5",50.8367544251359,23.4113697433991,3.18140046709826,7.3588251417944,1.85535872060117e-13,4.21809620599606e-10
"ENST00000427521.6",236.266993591682,21.1262892401779,4.07553705794471,5.1836822828037,2.1754740362009e-07,5.57804628440024e-05
"ENST00000476773.5",78.8636439139234,-24.0480242651195,3.84778293330451,-6.24983911045803,4.10875715999077e-10,3.29686674517659e-07
"ENST00000438049.5",11.457882126275,-18.3126906845684,4.24307011514364,-4.31590574457157,1.58949796793765e-05,0.00270349424950672
"ENST00000637991.1",22.1480296771586,20.1342642480974,4.08817291742417,4.92500308934667,8.43590214499902e-07,0.000181842573630742
"ENST00000428502.6",27.542497694067,-8.9219624324025,1.872639820618,-4.76437718250492,1.89437858842649e-06,0.000364983608036836
"ENST00000454243.7",107.307915063551,-20.4738563097379,3.33297636824275,-6.14281472404569,8.10718288218594e-10,5.82044527680642e-07
"ENST00000523027.1",15.8370922761353,-5.64343862599399,1.55567702973101,-3.6276415465039,0.000286021977255628,0.0354044336420015
"ENST00000521015.5",102.675516013815,-21.633816138125,3.85043651841607,-5.61853598537559,1.92582288713665e-08,7.63655954617839e-06
"ENST00000519471.2",4.40414013113519,-5.55145210849111,1.44847045743203,-3.83263053796291,0.000126780286583246,0.0176650582756344
"ENST00000265709.14",1689.89844934354,-22.4492177540675,3.365872071586,-6.66965864317278,2.56399088726577e-11,3.29951763160519e-08
"ENST00000705521.1",115.347172561638,15.501747341517,3.54979582827173,4.36694054853973,1.25999005172253e-05,0.00218112592608334
"ENST00000648407.1",33.1843769191764,-21.3082183584471,4.23188502493491,-5.03516003693292,4.77449774648742e-07,0.000110386387898789
"ENST00000508013.3",7.55031869004786,-3.36972590497315,0.933259638689519,-3.61070570854743,0.000305364996661914,0.0374780149273482
"ENST00000415254.5",7.19612683096961,-14.9551744614045,4.23480498681759,-3.53149070806284,0.000413224379887048,0.0482595130236579
"ENST00000520976.5",23.5624421951275,-19.3635809788127,4.23643973386268,-4.57072027344939,4.86050719671554e-06,0.000881664980970177
"ENST00000679226.1",16.3194702649995,-15.124496550322,4.23221869919245,-3.57365666221547,0.000352030461216279,0.0423454772077515
"ENST00000426744.5",313.245033516524,22.9863340928996,3.93467489007276,5.84199069429966,5.15806884812795e-09,2.54928208491101e-06
"ENST00000524308.5",40.4955141421728,-17.2426283408099,4.2309512304518,-4.07535502104301,4.59441992039825e-05,0.0071217685511555
"ENST00000519004.5",3080.00023460147,-28.6156164771408,4.23064080546973,-6.76389648588086,1.34329075619124e-11,2.03595117189483e-08
"ENST00000705946.1",131.284013832828,-22.370959589381,3.98935087586837,-5.60766908839813,2.05069631421018e-08,7.99232522367951e-06
"ENST00000678042.1",36.9180093169425,-21.4911613776325,4.2317409398073,-5.07856262548319,3.80301077200642e-07,9.069249884403e-05
"ENST00000522420.5",67.8774787147668,7.90476909293183,1.95922607683455,4.03463856795091,5.46864100399042e-05,0.0083441429762005
"ENST00000521676.5",71.7915429453112,-19.2218846135942,3.65265051821663,-5.26244832833859,1.42149621383791e-07,3.92517116472067e-05
"ENST00000523430.5",23.981735161938,-7.99491792154499,1.89209136375741,-4.22543967732524,2.38474701924794e-05,0.00392872670774847
"ENST00000670204.1",15.2776884759328,-22.9857395252559,4.23141092717554,-5.43216906153778,5.56731385852693e-08,1.76610732282312e-05
"ENST00000643616.1",127.561194774226,-16.134137584716,4.29320804759708,-3.75806096649481,0.000171235165069611,0.0229448392896026
"ENST00000532158.5",12.8740962025562,-22.7858202483553,4.23155576682466,-5.38473826269663,7.25501422647352e-08,2.23900900589321e-05
"ENST00000704807.1",474.868999721485,-25.5199090004353,3.73471012985007,-6.83316994174853,8.30584625410275e-12,1.34879032836863e-08
"ENST00000621255.5",37.0027764097344,-22.4551126506456,2.6249616660343,-8.55445355305702,1.1842839483218e-17,5.38486016075601e-14
"ENST00000355233.9",260.658760072635,-20.1902033705347,2.78055397508511,-7.26121612867334,3.83625399205754e-13,8.17649585232163e-10
"ENST00000315377.4",101.201519367319,-25.4804036826611,4.23075163944771,-6.02266591238322,1.71567350342823e-09,1.08347958914647e-06
"ENST00000406359.8",19.2747337995741,-23.2610592347743,4.23124999522749,-5.49744384307495,3.853359675342e-08,1.30753504127873e-05
"ENST00000379725.5",11.7627503424216,15.2448079430345,4.2821412368854,3.56008994092,0.000370727797707193,0.0440507294683299
"ENST00000700260.1",21.7346733272656,-21.076311932511,4.23220749291607,-4.9799807707417,6.35905913146415e-07,0.000142201071804059
"ENST00000396594.8",539.482114241477,25.6602381161125,4.20601223336311,6.10084723781096,1.0550770821602e-09,7.34290584812801e-07
"ENST00000372322.4",13.7843195804412,-19.8012598032179,4.234914430777,-4.6757166235316,2.92928876117827e-06,0.000550383500461165
"ENST00000484973.5",481.88352891964,21.6809014661747,2.3317674925201,9.29805460266653,1.43038776216412e-20,1.21947708663302e-16
"ENST00000373387.9",570.52863159424,-23.7115768709296,2.7377216957419,-8.66106182663099,4.67389940024583e-18,2.45214334380282e-14
"ENST00000373156.5",6.33739870077592,-5.18291208261227,1.44423891102231,-3.58868054520392,0.000332355791974222,0.0402048363662853
"ENST00000223865.8",13.3883197935687,21.1057444485422,4.20821372019339,5.01536895506636,5.29317917547791e-07,0.000121146306202784
"ENST00000416629.5",107.433551326614,-21.8642254461088,2.9401506341966,-7.43643036237946,1.03442457422943e-13,2.432823919336e-10
"ENST00000545250.5",74.1078363376319,-24.9040051584489,3.71009429862602,-6.71249923962088,1.91318801391164e-11,2.71848073543394e-08
"ENST00000643072.1",34.6479783234015,-23.1439402695652,3.44441271135462,-6.71927036887026,1.82636754214471e-11,2.67145512155725e-08
"ENST00000409386.3",45.1291709354519,5.85597625048905,1.4489067092173,4.04165169036483,5.30760298772994e-05,0.00815314761655705
"ENST00000680668.1",110.807908581421,22.5740842709093,4.20632400232564,5.36670124755685,8.01897170799795e-08,2.43078198387686e-05
"ENST00000380763.7",40.1582874443461,-23.0150597853306,3.55334433192571,-6.47701366246648,9.35557248358083e-11,1.01283724709547e-07
"ENST00000649602.1",30.5971047154015,-23.9414900658145,4.231022200106,-5.65855931108437,1.52648963267599e-08,6.23429334772652e-06
"ENST00000696356.1",43.1002364329267,-4.27753777931676,1.16740822793221,-3.66413194371039,0.000248178832589189,0.0316674004033549
"ENST00000380308.7",9.3387760733058,-3.39922900746485,0.859512241374954,-3.95483489801975,7.65875220440486e-05,0.0113555985945485
"ENST00000680162.2",17.163968855485,21.55867104069,4.20762822128758,5.12371100935644,2.99580034379748e-07,7.27137247858944e-05
"ENST00000644337.1",14.8256017981994,-19.5100993641562,4.23520344261876,-4.60664986428433,4.09208172655802e-06,0.000746246903952309
"ENST00000457138.7",57.5361789060223,20.6777014757843,4.20744190290859,4.91455424767479,8.8984684494369e-07,0.000190852560416791
"ENST00000409324.7",79.9400469637946,20.1306555487591,4.20818769604639,4.78368765910131,1.72108057133042e-06,0.000340245157353681
"ENST00000443563.6",235.999882371336,-21.5344091741868,3.34039570345245,-6.44666413381204,1.14338781746922e-10,1.19974804157955e-07
"ENST00000704103.1",44.8681991966082,9.55422576924054,2.31779685269493,4.12211525705185,3.75409277501083e-05,0.00594069938809371
"ENST00000622599.5",17.7881876153992,-16.0100461040735,4.23154535329796,-3.78349864349101,0.000154639167779525,0.0209682103364508
"ENST00000703861.1",58.6091193844016,23.3514440968988,4.10322518762251,5.69099745423164,1.2629939125612e-08,5.25251443977584e-06
"ENST00000703990.1",10.0103787777039,-15.4158318037455,4.23277771390858,-3.64201308117133,0.000270514323263512,0.0337914998239279
"ENST00000603986.6",5.94507365551736,-16.1894486636085,4.23318041026182,-3.82441736344688,0.00013108170144295,0.0180977659214878
"ENST00000375298.4",14.477943767232,15.4424978127681,4.00409229744184,3.85667878401157,0.000114938040532116,0.0161967647034141
"ENST00000674311.1",25.7320917347327,19.4731201069615,4.01276498888156,4.85279356277205,1.2173439144114e-06,0.000253133305910107
"ENST00000450092.6",45.8203497496025,-24.541992760692,4.23089335122854,-5.80066447516708,6.60526493397032e-09,3.04544631958089e-06
"ENST00000373696.8",29.8103609648761,-20.9629062000334,4.23233648362276,-4.95303392845783,7.30652289921841e-07,0.000159722464044325
"ENST00000692161.1",21.0518330034722,15.4052422581157,4.20683629768946,3.66195429724156,0.000250298519980537,0.031790242563785
"ENST00000420881.6",203.530938638406,20.1001281431757,3.97398839162063,5.05792321526602,4.23847020716368e-07,9.93404199344988e-05
"ENST00000372384.6",25.0573246268904,-21.2203344321835,4.23195029233076,-5.01431561486899,5.3222562515117e-07,0.00012140440313649
"ENST00000371825.7",32.7960445540966,-22.5399128236302,4.23120256688104,-5.32707013369135,9.98096324373288e-08,2.9342311080843e-05
"ENST00000535419.2",2773.57666240382,4.43183368665074,1.17799867170428,3.76217205766364,0.000168444099155773,0.0226152782260243
"ENST00000664768.2",19.6846718778815,-2.87316122588774,0.806081937991794,-3.56435380880224,0.000364753675713373,0.0435685809078019
"ENST00000691812.1",67.2866106362936,-20.2032175120263,4.23378721161045,-4.77190196442144,1.82494332780333e-06,0.000353603507754256
"ENST00000357916.8",592.141393855704,25.1663012426229,3.06239983790883,8.2178365251638,2.07207150009835e-16,6.14450280837861e-13
"ENST00000340888.8",22.2432892508895,-21.0194953715284,3.60201163763804,-5.83548791233544,5.36333851049076e-09,2.60024952332459e-06
"ENST00000393638.5",13.0758793266501,18.7758456659246,4.21183472882551,4.45787806853482,8.27749609095151e-06,0.00146258638183227
"ENST00000315357.9",50.7227420599898,24.5435028559763,4.20617784879405,5.83510819995716,5.37556716305155e-09,2.60024952332459e-06
"ENST00000370096.9",1810.20354410776,16.1235856607707,4.24347232146986,3.79962079149036,0.000144917664969303,0.0198473181155951
"ENST00000659717.1",32.1327427732213,16.9174413369045,4.22841427628831,4.00089495293129,6.3103368441599e-05,0.00950088772889805
"ENST00000260950.5",26.9471313445339,17.1827656084969,4.22473140369154,4.06718533478428,4.7584397777856e-05,0.00734263861095225
"ENST00000478300.6",31.0051285552843,19.9065990269925,4.14731362326964,4.79987790537495,1.58762389410573e-06,0.000317543401975329
"ENST00000295894.9",145.283911883503,-20.2612777043031,2.88597837405779,-7.02059235316273,2.20929570742575e-12,4.1856334563685e-09
"ENST00000490933.1",9.04839352519263,15.2465185339788,4.28214532310244,3.5604860142702,0.000370169027571211,0.0440507294683299
"ENST00000306087.3",211.43067720814,-16.9214271747896,4.26629261150359,-3.96630721698806,7.2994764596875e-05,0.0108939495067074
"ENST00000654328.1",48.5151836195501,-17.1980509289176,3.18916199108791,-5.39265517931588,6.94240990193478e-08,2.16210102717607e-05
"ENST00000510182.2",13.7345384294979,-16.8395250381599,4.26867850351462,-3.94490356308049,7.98321002757475e-05,0.0117093947681873
"ENST00000303230.6",268.11752038078,-22.2018638855572,4.23132398864429,-5.24702526801088,1.54574705651476e-07,4.20024431245149e-05
"ENST00000506769.1",75.7947663688704,-16.0517054670443,4.1744987860972,-3.84518149112969,0.000120463244919124,0.0169055044371686
"ENST00000008391.4",80.3745484072645,16.5840797829288,4.2337729512959,3.91709238395805,8.96234094556805e-05,0.0129232029989751
"ENST00000617887.4",33.2303357645918,-20.4335214269731,3.64501070315477,-5.60588790844642,2.07190025155849e-08,8.02908436120997e-06
"ENST00000666702.1",86.7326307248219,16.4973952992655,4.23679765127075,3.89383601888974,9.86713633021785e-05,0.0140203784638787
"ENST00000668681.1",24.3220329696467,-15.7007774799733,4.31850617754903,-3.63569642706504,0.00027723065391231,0.0345671654834281
"ENST00000372017.4",204.11362510005,14.5872562888913,3.7256442112438,3.91536482331504,9.02676087430729e-05,0.0129886328833598
"ENST00000344740.4",25.1056829229155,16.1733467331575,4.02626438488211,4.01696093130034,5.895349316879e-05,0.00895515378192462
"ENST00000450217.3",23.7704725221148,13.7147513298739,3.89469745551055,3.52139068221311,0.000429289629461882,0.0496258811657935
"ENST00000525748.6",763.001533384021,15.398895773623,4.26742302469688,3.60847651721071,0.000308000386998534,0.0376466996323441
"ENST00000641045.1",68.4099922874166,-17.3777239063373,4.2309914787817,-4.10724625504118,4.00404271064524e-05,0.00629243615292277
"ENST00000430500.6",22.6037697896682,19.7058176226993,3.08932034759831,6.37869026370766,1.78608851395274e-10,1.66691812675639e-07
"ENST00000663739.1",19.9684391270605,16.6763073640946,4.23376625029033,3.93888239884547,8.18620405814473e-05,0.0119557143807645
"ENST00000556013.3",18.1907998973505,15.2754348446005,4.28212604383388,3.56725483748817,0.000360740619125759,0.0432406910138018
"ENST00000569986.1",17.6310841229435,17.5776052033849,3.96996807107112,4.42764397312706,9.52679810955668e-06,0.00167034894155322
"ENST00000381380.3",7.65136715143594,14.6272060932653,3.67801108767547,3.97693365913961,6.98096304010985e-05,0.0104874361935606
"ENST00000661257.1",105.86825147772,-18.3896220217712,3.76149776261967,-4.88890946700016,1.01396110135344e-06,0.000214770816635745
"ENST00000582386.3",264.28907306662,-15.7274745546872,4.31255018958501,-3.64690817805894,0.000265414715551891,0.0333376524116043
"ENST00000442544.7",2728.93019452844,-17.0114863295537,3.31725593648636,-5.12818023549074,2.92556291512863e-07,7.12625332369403e-05
"ENST00000587244.5",25.4236370203045,-14.3777787400399,3.33856986890115,-4.30656817278837,1.6580684522127e-05,0.00281310698295311
"ENST00000243914.8",87.3920732726303,20.3820262543423,4.20775673370269,4.84391744681657,1.27303842591092e-06,0.000262315144413379
"ENST00000451980.4",51.7205000570022,15.5797648619017,4.07649957076495,3.82184876790706,0.000132454915085684,0.0182136190090806
"ENST00000675598.1",139.817524581583,-15.4806981803684,4.23079613885246,-3.65905084345834,0.000253151116776549,0.0320230946510967
"ENST00000649640.1",11.8924394471329,-15.6904369481543,4.31851232501249,-3.63329678539448,0.000279822844973573,0.034756345069953
"ENST00000378220.3",31.9972554426352,-16.0926648376684,4.29226142031623,-3.74922756603273,0.000177380073789554,0.023582905560902
"ENST00000691872.1",23.4362782083144,-16.8620127879623,4.26653239354781,-3.95215862264689,7.74493720910278e-05,0.0114089783457807
"ENST00000639829.1",25.0786739310827,-18.2901439766828,4.13845174082773,-4.41956198165659,9.89011535270288e-06,0.00172960366029679
"ENST00000263519.5",69.3497121619193,-21.19445302634,4.23340093243363,-5.0064837620178,5.54333357033699e-07,0.000126025840943755
"ENST00000155093.8",381.271779874907,-24.6714880240355,2.24246853606921,-11.0019327483104,3.74028081237114e-28,2.55102112526961e-23
